Name,Proj_norm,Prod_norm,Sat_norm,Feed_norm,performance_index,department_num,position_num,Best_Category,Suitability_Score,Composite_score
Douglas Lindsey    ,0.44,0.5816326530612245,0.25,0.9487179487179487,0.4929432234432234,3,0,data science           ,0.3208904564380646,0.406916839940644
Anthony Roberson   ,0.76,0.5612244897959183,0.76,0.46153846153846145,0.6605824175824174,2,3,project management     ,0.5819569826126099,0.6212697000975136
Thomas Miller      ,0.32,0.8877551020408163,0.1,0.3589743589743589,0.4676117216117216,2,0,data science           ,0.3208904564380646,0.3942510890248931
Joshua Lewis       ,0.04,0.5408163265306123,0.04,0.10256410256410253,0.22154212454212455,3,1,project management     ,0.353457510471344,0.28749981750673426
Stephanie Bailey   ,0.56,0.030612244897959183,0.09,0.8974358974358974,0.29095787545787544,2,5,project management     ,0.5077476501464844,0.3993527628021799
Jonathan King      ,0.2,0.6428571428571429,0.33,0.8205128205128205,0.4495512820512821,4,2,backend developer        ,0.6261579394340515,0.5378546107426668
Kyle Figueroa      ,0.52,0.41836734693877553,0.39,0.33333333333333326,0.43326190476190474,4,0,data science           ,0.3208904564380646,0.37707618059998466
Shannon Allen      ,0.16,0.9387755102040817,0.68,0.46153846153846145,0.5927252747252747,1,1,project management     ,0.353457510471344,0.47309139259830935
Daryl Noble        ,0.28,0.32653061224489793,0.43,0.33333333333333326,0.3391190476190476,3,2,backend developer        ,0.6261579394340515,0.48263849352654953
Tracy Figueroa     ,0.68,0.10204081632653061,0.15,0.02564102564102566,0.27977838827838825,1,5,project management     ,0.5077476501464844,0.3937630192124363
Eric Sanders       ,0.44,0.45918367346938777,0.67,0.051282051282051266,0.4653424908424908,0,4,backend developer        ,0.6536579728126526,0.5595002318275717
Joshua Nelson      ,0.76,0.09183673469387756,0.31,0.3846153846153846,0.37610439560439557,4,5,project management     ,0.5077476501464844,0.44192602287543997
Donald Davis       ,0.08,0.15306122448979592,0.97,0.20512820512820512,0.34058424908424906,1,1,project management     ,0.353457510471344,0.3470208797777965
Ms. Emily Dawson   ,0.56,0.45918367346938777,0.2,0.5384615384615384,0.43256043956043955,3,0,data science           ,0.3208904564380646,0.37672544799925206
Angela Davis       ,0.72,0.8979591836734694,0.08,0.20512820512820512,0.5707985347985348,4,4,backend developer        ,0.6536579728126526,0.6122282538055936
Melissa Galvan     ,0.68,0.030612244897959183,0.53,0.20512820512820512,0.3677271062271062,4,3,project management     ,0.5819569826126099,0.474842044419858
Erin Smith         ,0.6,0.4489795918367347,0.37,0.6923076923076923,0.4988736263736263,3,5,project management     ,0.5077476501464844,0.5033106382600554
James Hernandez    ,0.52,0.4489795918367347,0.36,0.7435897435897435,0.4775018315018315,3,5,project management     ,0.5077476501464844,0.49262474082415797
Amanda White       ,0.48,0.22448979591836735,0.66,0.3076923076923077,0.41834065934065934,2,5,project management     ,0.5077476501464844,0.46304415474357186
Michael Morton DDS ,0.08,0.01020408163265306,0.17,0.8717948717948718,0.15725091575091577,4,1,project management     ,0.353457510471344,0.2553542131111299
Michelle Moreno    ,0.4,0.29591836734693877,0.73,0.2564102564102564,0.4317124542124542,0,2,backend developer        ,0.6261579394340515,0.5289351968232529
Shannon Wilson     ,0.16,0.46938775510204084,0.66,0.3589743589743589,0.4131831501831502,4,2,backend developer        ,0.6261579394340515,0.5196705448086009
Chad Zamora        ,0.4,0.09183673469387756,0.8,0.7179487179487178,0.42393772893772896,0,2,backend developer        ,0.6261579394340515,0.5250478341858902
Stephanie Rivera   ,0.12,0.7755102040816326,0.26,0.051282051282051266,0.3775567765567765,3,2,backend developer        ,0.6261579394340515,0.501857357995414
Tracy Briggs       ,0.88,0.1836734693877551,0.68,0.9487179487179487,0.5931575091575092,2,3,project management     ,0.5819569826126099,0.5875572458850595
Kimberly Cooper    ,0.36,0.2653061224489796,0.13,0.07692307692307693,0.24104945054945054,0,2,backend developer        ,0.6261579394340515,0.433603694991751
Heather Mueller    ,0.44,0.0,0.52,0.46153846153846145,0.30815384615384617,0,4,backend developer        ,0.6536579728126526,0.4809059094832494
Susan Johnson      ,0.68,0.2653061224489796,0.81,0.7435897435897435,0.5737161172161173,0,3,project management     ,0.5819569826126099,0.5778365499143636
Stephen Watson     ,0.68,0.8571428571428571,0.69,0.051282051282051266,0.6816282051282051,4,4,backend developer        ,0.6536579728126526,0.6676430889704288
Amanda Brown       ,0.28,0.8775510204081632,0.51,0.8205128205128205,0.6006941391941393,2,2,backend developer        ,0.6261579394340515,0.6134260393140953
Michelle Perez     ,0.2,0.9489795918367347,0.94,1.0,0.7271428571428571,3,2,backend developer        ,0.6261579394340515,0.6766503982884543
Kim Larson         ,0.12,0.15306122448979592,0.99,0.46153846153846145,0.38322527472527473,3,2,backend developer        ,0.6261579394340515,0.5046916070796631
Emily Palmer       ,0.4,0.9693877551020408,1.0,0.1282051282051282,0.7221062271062271,2,2,backend developer        ,0.6261579394340515,0.6741320832701393
Steven Anderson    ,0.12,0.0,0.35,0.07692307692307693,0.1311923076923077,3,1,project management     ,0.353457510471344,0.24232490908182586
Dennis Nash        ,0.52,0.37755102040816324,0.37,0.10256410256410253,0.39089926739926745,4,5,project management     ,0.5077476501464844,0.44932345877287594
Robin Hurst        ,0.36,0.47959183673469385,0.56,0.7948717948717947,0.49534432234432235,3,0,data science           ,0.3208904564380646,0.40811738939119346
Samantha Williams  ,0.56,0.8979591836734694,0.47,0.4358974358974359,0.6433754578754579,2,4,backend developer        ,0.6536579728126526,0.6485167153440552
Jesse Solis        ,0.76,0.030612244897959183,0.72,0.9487179487179487,0.5135860805860806,2,3,project management     ,0.5819569826126099,0.5477715315993452
Carlos Bush        ,0.92,0.7857142857142857,0.8,0.46153846153846145,0.797153846153846,4,3,project management     ,0.5819569826126099,0.6895554143832279
Vicki Kim          ,0.44,0.29591836734693877,0.17,0.07692307692307693,0.2857637362637363,2,4,backend developer        ,0.6536579728126526,0.46971085453819444
Karen Harmon       ,0.6,0.1836734693877551,0.2,0.4358974358974359,0.33787545787545786,4,5,project management     ,0.5077476501464844,0.42281155401097115
Alexandra Wilson   ,0.44,0.23469387755102042,0.15,0.7692307692307692,0.32856593406593404,0,0,data science           ,0.3208904564380646,0.3247281952519993
Stephanie Lawson   ,0.6,0.5918367346938775,0.89,0.846153846153846,0.6942582417582418,4,5,project management     ,0.5077476501464844,0.6010029459523631
Walter Barker      ,0.2,0.14285714285714285,0.15,0.051282051282051266,0.15262820512820513,1,0,data science           ,0.3208904564380646,0.23675933078313485
Mallory Lawrence   ,0.2,0.6224489795918368,0.48,0.17948717948717946,0.4158058608058608,0,0,data science           ,0.3208904564380646,0.3683481586219627
Jonathan Stanley   ,0.2,0.4489795918367347,0.51,0.5128205128205128,0.3959249084249084,0,2,backend developer        ,0.6261579394340515,0.5110414239294799
Jamie Wells        ,0.2,0.9183673469387755,0.75,0.1282051282051282,0.5817490842490842,4,2,backend developer        ,0.6261579394340515,0.6039535118415679
James Berg         ,0.56,0.336734693877551,0.59,0.8974358974358974,0.5231007326007326,3,0,data science           ,0.3208904564380646,0.4219955945193986
Elizabeth Bowen    ,0.28,0.16326530612244897,0.17,0.9487179487179487,0.278514652014652,4,0,data science           ,0.3208904564380646,0.2997025542263583
Cynthia Ochoa      ,0.64,0.030612244897959183,0.71,0.33333333333333326,0.41354761904761905,1,4,backend developer        ,0.6536579728126526,0.5336027959301358
Kristine Smith     ,0.12,0.2653061224489796,0.85,0.4358974358974359,0.38494688644688646,2,1,project management     ,0.353457510471344,0.3692021984591152
Walter Jones       ,0.44,0.46938775510204084,0.38,0.5641025641025641,0.44769597069597067,0,5,project management     ,0.5077476501464844,0.4777218104212275
Brian Anderson     ,0.08,0.42857142857142855,0.45,0.28205128205128205,0.3147051282051282,4,1,project management     ,0.353457510471344,0.3340813193382361
Alexis Smith DDS   ,0.64,0.6122448979591837,0.8,0.5641025641025641,0.6626959706959707,1,4,backend developer        ,0.6536579728126526,0.6581769717543117
Jessica Robinson   ,0.56,0.37755102040816324,0.6,0.20512820512820512,0.4706556776556777,0,5,project management     ,0.5077476501464844,0.489201663901081
Harold Nguyen      ,0.88,0.37755102040816324,0.95,0.3076923076923077,0.664412087912088,0,3,project management     ,0.5819569826126099,0.6231845352623488
Marilyn Williams   ,0.32,0.7142857142857143,0.53,0.46153846153846145,0.5246538461538461,4,2,backend developer        ,0.6261579394340515,0.5754058927939488
Victoria Townsend  ,0.52,0.826530612244898,0.27,0.6153846153846153,0.5743241758241758,1,4,backend developer        ,0.6536579728126526,0.6139910743184143
David Odom         ,0.8,0.41836734693877553,0.61,0.5384615384615384,0.5927747252747253,1,5,project management     ,0.5077476501464844,0.5502611877106048
Melissa Nguyen     ,0.32,0.23469387755102042,0.62,0.2564102564102564,0.35878388278388285,4,2,backend developer        ,0.6261579394340515,0.4924709111089672
Rachel Harris      ,0.32,0.7653061224489796,0.88,0.23076923076923073,0.606934065934066,2,4,backend developer        ,0.6536579728126526,0.6302960193733593
Lori Garcia        ,0.64,0.10204081632653061,0.64,0.1282051282051282,0.4005347985347985,0,3,project management     ,0.5819569826126099,0.49124589057370416
Dr. Corey Orr      ,0.2,0.1326530612244898,0.4,0.7948717948717947,0.28591575091575094,2,0,data science           ,0.3208904564380646,0.30340310367690776
Janet Campbell     ,0.8,0.6938775510204082,0.63,0.10256410256410253,0.6506135531135531,0,3,project management     ,0.5819569826126099,0.6162852678630815
Glen Johnson       ,0.48,0.7551020408163265,0.83,0.7435897435897435,0.6901446886446886,1,5,project management     ,0.5077476501464844,0.5989461693955864
Brandon Vega       ,0.24,0.3979591836734694,0.07,0.2564102564102564,0.2544267399267399,4,2,backend developer        ,0.6261579394340515,0.4402923396803957
Maria Short        ,0.16,0.20408163265306123,0.56,0.28205128205128205,0.28763369963369967,4,1,project management     ,0.353457510471344,0.32054560505252183
Alejandro Rice     ,0.64,0.4897959183673469,0.38,0.7435897435897435,0.5327875457875457,4,4,backend developer        ,0.6536579728126526,0.5932227593000992
Debra Chen         ,0.68,0.1836734693877551,0.18,0.6666666666666666,0.37995238095238093,4,5,project management     ,0.5077476501464844,0.44385001554943265
Dana Taylor        ,0.08,0.16326530612244897,0.95,0.7692307692307692,0.39556593406593404,4,1,project management     ,0.353457510471344,0.37451172226863905
Jordan Morales     ,0.64,0.2857142857142857,0.63,0.5384615384615384,0.5033461538461539,3,4,backend developer        ,0.6536579728126526,0.5785020633294032
Gregory Wong       ,0.64,0.40816326530612246,0.06,0.8717948717948718,0.43703663003663007,3,5,project management     ,0.5077476501464844,0.4723921400915572
Thomas Baxter      ,0.36,0.6632653061224489,0.79,0.1282051282051282,0.5504633699633699,0,2,backend developer        ,0.6261579394340515,0.5883106546987107
Amy Garcia         ,0.4,0.3163265306122449,0.27,0.6666666666666666,0.36488095238095236,3,0,data science           ,0.3208904564380646,0.3428857044095085
Bradley Paul       ,0.2,0.30612244897959184,0.03,0.1282051282051282,0.18746336996336999,1,2,backend developer        ,0.6261579394340515,0.40681065469871075
John Moore         ,0.8,0.9795918367346939,0.45,0.7435897435897435,0.7697161172161171,2,5,project management     ,0.5077476501464844,0.6387318836813007
Allison Smith      ,0.0,0.23469387755102042,0.6,0.3589743589743589,0.26804029304029303,1,1,project management     ,0.353457510471344,0.3107489017558185
Melissa Dunn       ,0.36,0.37755102040816324,0.5,0.6923076923076923,0.4343736263736263,0,4,backend developer        ,0.6536579728126526,0.5440157995931394
Daniel Mata        ,1.0,0.47959183673469385,0.01,0.7179487179487178,0.5421520146520147,2,3,project management     ,0.5819569826126099,0.5620544986323123
Paula Gamble       ,0.36,0.5408163265306123,0.67,0.6666666666666666,0.5314523809523809,3,4,backend developer        ,0.6536579728126526,0.5925551768825168
Sarah Fernandez    ,0.92,0.8571428571428571,0.08,0.23076923076923073,0.6190769230769232,1,3,project management     ,0.5819569826126099,0.6005169528447665
Kathryn Scott      ,0.32,0.05102040816326531,0.87,0.846153846153846,0.41597252747252744,4,4,backend developer        ,0.6536579728126526,0.53481525014259
Steven Schroeder   ,0.6,0.16326530612244897,0.1,0.2564102564102564,0.2877838827838828,2,0,data science           ,0.3208904564380646,0.3043371696109737
Calvin Mullen      ,0.96,0.7755102040816326,0.87,0.5384615384615384,0.8307747252747253,3,3,project management     ,0.5819569826126099,0.7063658539436676
Mark Wilson        ,0.92,0.02040816326530612,0.94,0.6923076923076923,0.5873736263736263,4,3,project management     ,0.5819569826126099,0.584665304493118
Debbie Torres      ,0.8,0.5102040816326531,0.85,0.23076923076923073,0.6541483516483517,0,3,project management     ,0.5819569826126099,0.6180526671304808
Carrie Lowe DVM    ,0.2,0.09183673469387756,0.5,0.641025641025641,0.28124542124542123,1,1,project management     ,0.353457510471344,0.3173514658583826
Jerry Mccoy        ,0.68,0.9081632653061225,0.0,0.28205128205128205,0.550062271062271,2,4,backend developer        ,0.6536579728126526,0.6018601219374617
Ashley Bradshaw    ,0.24,0.09183673469387756,0.46,0.17948717948717946,0.23709157509157508,0,0,data science           ,0.3208904564380646,0.2789910157648198
Molly Jones        ,0.68,0.16326530612244897,0.05,0.8205128205128205,0.35569413919413917,3,4,backend developer        ,0.6536579728126526,0.5046760560033958
Daniel Young       ,0.04,0.5408163265306123,0.14,0.5641025641025641,0.2926959706959707,4,1,project management     ,0.353457510471344,0.3230767405836573
Sarah Levy         ,0.2,0.3877551020408163,0.79,0.33333333333333326,0.42654761904761906,1,0,data science           ,0.3208904564380646,0.3737190377428418
Susan Foley        ,0.0,0.7142857142857143,0.0,0.5897435897435896,0.308974358974359,0,1,project management     ,0.353457510471344,0.3312159347228515
Gail Taylor        ,0.36,0.5408163265306123,0.34,0.02564102564102566,0.38484981684981684,1,4,backend developer        ,0.6536579728126526,0.5192538948312347
Colleen Jacobson   ,0.36,0.9591836734693877,0.81,0.1282051282051282,0.6590347985347984,2,0,data science           ,0.3208904564380646,0.4899626274864315
Patricia Campos    ,0.12,0.1836734693877551,0.89,0.41025641025641024,0.36381135531135533,1,2,backend developer        ,0.6261579394340515,0.4949846473727034
Amy Carr           ,0.96,0.7653061224489796,0.37,1.0,0.7483571428571428,0,3,project management     ,0.5819569826126099,0.6651570627348764
Renee Jones        ,0.64,0.5510204081632653,0.93,0.5128205128205128,0.6686391941391941,2,5,project management     ,0.5077476501464844,0.5881934221428393
Cheryl Spencer     ,0.28,0.3877551020408163,0.29,0.07692307692307693,0.2999065934065934,0,0,data science           ,0.3208904564380646,0.310398524922329
Mary Barber        ,0.96,0.826530612244898,0.18,0.7948717948717947,0.7017728937728938,0,3,project management     ,0.5819569826126099,0.6418649381927518
Christy Snyder     ,0.76,0.45918367346938777,0.96,0.7948717948717947,0.7082014652014652,0,5,project management     ,0.5077476501464844,0.6079745576739748
Tracy Morris       ,0.4,0.10204081632653061,0.73,0.7948717948717947,0.41770146520146517,3,2,backend developer        ,0.6261579394340515,0.5219297023177584
Brittany Jackson   ,0.52,0.3163265306122449,0.36,0.5897435897435896,0.41568864468864464,3,5,project management     ,0.5077476501464844,0.4617181474175645
Ronald Flores      ,0.76,0.5714285714285714,0.24,0.7179487179487178,0.5597948717948718,4,3,project management     ,0.5819569826126099,0.5708759272037408
William Taylor     ,0.36,0.8163265306122449,0.13,0.23076923076923073,0.4492912087912087,4,0,data science           ,0.3208904564380646,0.3850908326146366
Jeffrey Hodges     ,0.4,0.47959183673469385,0.55,0.7435897435897435,0.4997161172161172,4,4,backend developer        ,0.6536579728126526,0.5766870450143848
Michael Raymond    ,0.48,0.826530612244898,0.58,0.846153846153846,0.6629010989010989,2,5,project management     ,0.5077476501464844,0.5853243745237917
Patrick Green      ,0.96,0.6836734693877551,0.91,0.7692307692307692,0.8317087912087913,3,3,project management     ,0.5819569826126099,0.7068328869107006
Jennifer Gilbert   ,0.04,0.07142857142857142,0.42,0.3589743589743589,0.1778974358974359,4,1,project management     ,0.353457510471344,0.26567747318438995
Justin Williams    ,0.16,0.4897959183673469,0.49,0.6153846153846153,0.40346703296703296,4,2,backend developer        ,0.6261579394340515,0.5148124862005422
Kevin Welch        ,0.68,0.5306122448979592,0.21,0.641025641025641,0.5063168498168498,0,3,project management     ,0.5819569826126099,0.5441369162147298
Jackie Holden      ,0.2,0.01020408163265306,0.42,0.9230769230769229,0.26087912087912085,0,2,backend developer        ,0.6261579394340515,0.44351853015658615
Brian Thomas       ,0.36,0.5408163265306123,0.53,0.10256410256410253,0.44004212454212455,0,0,data science           ,0.3208904564380646,0.38046629049009456
Danielle Rodriguez ,0.12,0.9489795918367347,0.82,0.846153846153846,0.6577582417582417,4,1,project management     ,0.353457510471344,0.5056078761147929
Kathleen May       ,0.76,0.41836734693877553,0.87,0.5384615384615384,0.6457747252747253,4,3,project management     ,0.5819569826126099,0.6138658539436677
Robert Ward        ,0.4,0.5714285714285714,0.55,0.3589743589743589,0.49339743589743584,1,4,backend developer        ,0.6536579728126526,0.5735277043550442
Samantha Baldwin   ,0.24,0.2653061224489796,0.18,0.46153846153846145,0.256010989010989,3,2,backend developer        ,0.6261579394340515,0.44108446422252023
Michael Moore      ,0.52,0.47959183673469385,0.57,0.02564102564102566,0.46892124542124536,1,5,project management     ,0.5077476501464844,0.48833444778386487
Mr. Brandon Weber  ,0.24,0.37755102040816324,0.9,0.23076923076923073,0.4522197802197802,2,0,data science           ,0.3208904564380646,0.3865551183289224
Adrian Walker      ,0.68,0.6122448979591837,0.18,0.6666666666666666,0.529952380952381,0,3,project management     ,0.5819569826126099,0.5559546817824954
Michael Rodriguez  ,0.2,0.11224489795918367,0.67,0.6666666666666666,0.33345238095238094,1,1,project management     ,0.353457510471344,0.34345494571186247
Johnathan Williams ,0.84,0.23469387755102042,0.4,0.5128205128205128,0.48542490842490843,0,3,project management     ,0.5819569826126099,0.5336909455187592
Nicholas Johnson   ,0.04,0.1326530612244898,0.16,0.9743589743589742,0.19586446886446884,3,1,project management     ,0.353457510471344,0.2746609896679064
Jeffery Fields     ,0.32,0.35714285714285715,0.26,0.4871794871794871,0.33471794871794874,4,0,data science           ,0.3208904564380646,0.3278042025780067
Dawn Martin        ,0.68,0.14285714285714285,0.23,0.33333333333333326,0.3448333333333333,3,4,backend developer        ,0.6536579728126526,0.49924565307299296
Jill Anderson      ,0.32,0.7244897959183674,0.56,0.8717948717948718,0.5767509157509157,2,4,backend developer        ,0.6536579728126526,0.6152044442817841
Alicia Butler      ,0.4,0.7857142857142857,0.44,0.2564102564102564,0.5306410256410257,0,0,data science           ,0.3208904564380646,0.4257657410395451
Samantha Allen     ,0.4,0.8979591836734694,0.49,0.6153846153846153,0.6183241758241758,3,2,backend developer        ,0.6261579394340515,0.6222410576291136
Geoffrey Kelley    ,0.6,0.19387755102040816,0.54,0.7179487179487178,0.45465201465201466,0,0,data science           ,0.3208904564380646,0.3877712355450396
James Lee          ,0.6,0.9081632653061225,0.62,0.846153846153846,0.7374725274725275,1,4,backend developer        ,0.6536579728126526,0.69556525014259
Michael Perez      ,0.2,0.5816326530612245,0.49,0.7948717948717947,0.46555860805860805,2,1,project management     ,0.353457510471344,0.409508059264976
John Elliott       ,0.04,0.5204081632653061,0.93,0.3846153846153846,0.46510439560439565,4,1,project management     ,0.353457510471344,0.4092809530378698
Stacy Wilson       ,0.56,0.23469387755102042,0.28,0.051282051282051266,0.3252710622710623,0,5,project management     ,0.5077476501464844,0.41650935620877333
Patrick Manning    ,0.64,1.0,0.25,0.051282051282051266,0.6096282051282051,1,3,project management     ,0.5819569826126099,0.5957925938704075
Denise Singleton   ,0.2,0.5408163265306123,0.56,0.7435897435897435,0.46364468864468866,1,1,project management     ,0.353457510471344,0.40855109955801633
Alyssa Montoya     ,0.56,0.5612244897959183,0.26,0.9743589743589742,0.5268644688644688,4,0,data science           ,0.3208904564380646,0.4238774626512667
Rhonda Skinner     ,0.56,0.22448979591836735,0.75,0.3589743589743589,0.46996886446886443,3,5,project management     ,0.5077476501464844,0.4888582573076744
Timothy Avery      ,0.16,0.3163265306122449,0.9,0.46153846153846145,0.42986813186813183,2,1,project management     ,0.353457510471344,0.39166282116973794
Angela Carpenter   ,0.72,0.5918367346938775,0.06,0.7435897435897435,0.5125018315018315,1,3,project management     ,0.5819569826126099,0.5472294070572207
Andrew Johnson     ,0.2,0.4387755102040816,0.49,0.6666666666666666,0.40273809523809523,0,0,data science           ,0.3208904564380646,0.3618142758380799
Jessica Tate       ,0.68,0.673469387755102,0.04,0.2564102564102564,0.4753553113553114,1,3,project management     ,0.5819569826126099,0.5286561469839606
Matthew Martin     ,0.72,0.1836734693877551,0.29,0.6923076923076923,0.42201648351648346,4,3,project management     ,0.5819569826126099,0.5019867330645467
Timothy Johnson    ,0.96,0.45918367346938777,0.81,0.3076923076923077,0.6819835164835165,1,3,project management     ,0.5819569826126099,0.6319702495480632
James Reese        ,0.6,0.6020408163265306,0.1,0.3589743589743589,0.4516117216117216,3,0,data science           ,0.3208904564380646,0.3862510890248931
Katrina Williams   ,0.6,0.8163265306122449,0.23,0.5641025641025641,0.5796245421245422,2,3,project management     ,0.5819569826126099,0.580790762368576
Jasmine Payne      ,0.64,0.826530612244898,0.46,0.7435897435897435,0.6706446886446886,0,5,project management     ,0.5077476501464844,0.5891961693955865
Mrs. Heidi Villa   ,0.04,0.11224489795918367,0.07,0.15384615384615385,0.08417032967032967,3,1,project management     ,0.353457510471344,0.21881392007083683
Patricia Collins   ,0.4,0.6224489795918368,0.95,0.02564102564102566,0.5779212454212455,1,4,backend developer        ,0.6536579728126526,0.615789609116949
Cesar Davis        ,0.36,0.9795918367346939,0.81,0.641025641025641,0.7174597069597068,3,2,backend developer        ,0.6261579394340515,0.6718088231968792
Brett Butler       ,0.4,0.2653061224489796,0.86,0.02564102564102566,0.4304212454212454,0,2,backend developer        ,0.6261579394340515,0.5282895924276485
Cristina Garcia    ,0.6,0.37755102040816324,0.22,0.051282051282051266,0.3722710622710622,2,3,project management     ,0.5819569826126099,0.47711402244183604
Joshua White       ,0.52,0.0,0.29,0.23076923076923073,0.25157692307692303,1,0,data science           ,0.3208904564380646,0.2862336897574938
Bethany Castro     ,0.08,0.9081632653061225,0.78,0.6666666666666666,0.6035238095238096,1,1,project management     ,0.353457510471344,0.4784906599975768
Mary Singh         ,0.44,0.5816326530612245,0.38,0.07692307692307693,0.43826373626373616,3,4,backend developer        ,0.6536579728126526,0.5459608545381944
Scott Johnson      ,0.16,0.8061224489795918,0.78,0.051282051282051266,0.5302710622710622,2,2,backend developer        ,0.6261579394340515,0.5782145008525569
Matthew Moran      ,0.36,0.6020408163265306,0.11,1.0,0.4462142857142858,3,2,backend developer        ,0.6261579394340515,0.5361861125741687
Susan Hill         ,0.08,0.0,0.9,0.4358974358974359,0.2925897435897436,3,1,project management     ,0.353457510471344,0.32302362703054377
Sherry Werner      ,0.2,0.2755102040816326,0.65,0.9230769230769229,0.41123626373626376,4,1,project management     ,0.353457510471344,0.3823468871038039
Jon Hays           ,0.88,0.3877551020408163,0.96,0.23076923076923073,0.6627912087912088,4,3,project management     ,0.5819569826126099,0.6223740957019093
Kelly Bryant       ,0.72,0.14285714285714285,0.36,0.4358974358974359,0.3995897435897436,3,3,project management     ,0.5819569826126099,0.4907733631011767
Ryan Avila         ,0.72,1.0,0.98,0.3589743589743589,0.8468974358974358,4,4,backend developer        ,0.6536579728126526,0.7502777043550442
Jenny Riley        ,0.2,0.8163265306122449,0.45,0.17948717948717946,0.4761630036630036,0,1,project management     ,0.353457510471344,0.4148102570671738
Elizabeth Williams ,0.36,0.3877551020408163,0.52,0.33333333333333326,0.40704761904761905,4,0,data science           ,0.3208904564380646,0.36396903774284184
Michael Oneal      ,1.0,0.7040816326530612,0.58,1.0,0.7914285714285714,2,3,project management     ,0.5819569826126099,0.6866927770205906
Daniel Lopez       ,0.2,0.7857142857142857,0.06,0.7692307692307692,0.4269230769230769,4,2,backend developer        ,0.6261579394340515,0.5265405081785642
William Thomas     ,0.36,0.19387755102040816,0.8,0.3846153846153846,0.4143186813186813,2,4,backend developer        ,0.6536579728126526,0.5339883270656669
Anthony Barton     ,0.8,0.5510204081632653,0.89,0.41025641025641024,0.6963827838827839,3,3,project management     ,0.5819569826126099,0.6391698832476969
William Reed       ,0.88,0.9183673469387755,0.66,0.28205128205128205,0.7786336996336997,2,3,project management     ,0.5819569826126099,0.6802953411231547
Yvette Hughes      ,0.36,0.9795918367346939,0.85,0.5384615384615384,0.7172032967032966,4,0,data science           ,0.3208904564380646,0.5190468765706806
Leslie Wallace     ,0.4,0.6122448979591837,0.83,0.7435897435897435,0.6161446886446886,1,0,data science           ,0.3208904564380646,0.4685175725413766
Alexis Hickman     ,0.92,0.11224489795918367,0.7,0.6923076923076923,0.5595164835164835,3,3,project management     ,0.5819569826126099,0.5707367330645468
Mrs. Laura Gonzalez,0.16,0.8775510204081632,0.94,0.4871794871794871,0.6388608058608058,3,1,project management     ,0.353457510471344,0.4961591581660749
Joshua Fowler      ,0.76,0.6428571428571429,0.55,0.051282051282051266,0.5956282051282051,3,3,project management     ,0.5819569826126099,0.5887925938704075
Shannon Gray       ,0.52,0.9897959183673469,0.74,0.9487179487179487,0.7823003663003664,3,5,project management     ,0.5077476501464844,0.6450240082234253
Vincent Jones      ,0.48,0.29591836734693877,0.58,0.41025641025641024,0.4335970695970696,2,4,backend developer        ,0.6536579728126526,0.5436275212048611
Cindy West         ,0.4,0.7040816326530612,0.62,0.41025641025641024,0.5624542124542125,0,2,backend developer        ,0.6261579394340515,0.594306075944132
Autumn Taylor      ,0.44,0.9897959183673469,0.32,0.0,0.5584285714285714,3,0,data science           ,0.3208904564380646,0.439659513933318
Patricia Ortega    ,0.64,0.5204081632653061,0.9,0.15384615384615385,0.6145274725274725,4,3,project management     ,0.5819569826126099,0.5982422275700412
Andrew Dalton      ,0.68,0.35714285714285715,0.6,0.8974358974358974,0.5687435897435897,0,3,project management     ,0.5819569826126099,0.5753502861780998
Michael Riley      ,0.12,0.8163265306122449,0.27,0.5384615384615384,0.4430604395604395,1,1,project management     ,0.353457510471344,0.39825897501589175
Kara Garcia        ,0.24,0.02040816326530612,0.43,0.7435897435897435,0.2610018315018315,0,0,data science           ,0.3208904564380646,0.290946143969948
Carrie Smith       ,0.76,0.15306122448979592,0.34,0.15384615384615385,0.38195604395604393,4,5,project management     ,0.5077476501464844,0.4448518470512641
Dr. Shane Lewis    ,0.72,0.3469387755102041,0.05,0.33333333333333326,0.38326190476190475,4,4,backend developer        ,0.6536579728126526,0.5184599387872787
Russell Newton     ,0.12,0.8673469387755102,0.05,0.8717948717948718,0.43925091575091574,2,2,backend developer        ,0.6261579394340515,0.5327044275924836
Robert Gonzalez    ,0.72,0.05102040816326531,0.06,0.846153846153846,0.3334725274725274,3,5,project management     ,0.5077476501464844,0.4206100888095059
Tyrone Underwood   ,0.48,0.0,0.2,0.2564102564102564,0.21964102564102564,3,5,project management     ,0.5077476501464844,0.363694337893755
Brian Delgado      ,0.68,0.32653061224489793,0.44,0.02564102564102566,0.4308498168498168,0,5,project management     ,0.5077476501464844,0.4692987334981506
Manuel Sanchez     ,0.48,0.5102040816326531,0.0,0.8205128205128205,0.4046227106227106,1,5,project management     ,0.5077476501464844,0.4561851803845975
Joshua Chen        ,0.32,0.6836734693877551,0.37,0.17948717948717946,0.44573443223443227,2,2,backend developer        ,0.6261579394340515,0.5359461858342419
Douglas Sweeney    ,0.24,0.7551020408163265,0.83,0.8205128205128205,0.6258369963369963,2,2,backend developer        ,0.6261579394340515,0.6259974678855239
Joseph Friedman    ,0.72,0.9183673469387755,0.0,0.6923076923076923,0.6066593406593406,0,5,project management     ,0.5077476501464844,0.5572034954029125
Steven Hernandez   ,0.44,0.5102040816326531,0.17,0.17948717948717946,0.37102014652014653,4,4,backend developer        ,0.6536579728126526,0.5123390596663996
Shannon Ingram     ,0.28,0.5714285714285714,0.08,0.07692307692307693,0.3116923076923077,4,0,data science           ,0.3208904564380646,0.31629138206518614
Drew Rojas         ,0.64,0.1326530612244898,1.0,0.9487179487179487,0.5833003663003663,2,3,project management     ,0.5819569826126099,0.5826286744564881
Michael Baker      ,0.08,0.9693877551020408,0.54,0.6153846153846153,0.5598241758241758,2,1,project management     ,0.353457510471344,0.4566408431477599
Stephanie Fisher   ,0.36,0.32653061224489793,0.87,0.641025641025641,0.5038882783882783,1,2,backend developer        ,0.6261579394340515,0.5650231089111649
Jeremy Miller      ,0.28,0.45918367346938777,0.28,0.46153846153846145,0.3608681318681319,2,2,backend developer        ,0.6261579394340515,0.4935130356510917
Daniel Pierce      ,0.12,0.3673469387755102,0.77,0.15384615384615385,0.372456043956044,0,1,project management     ,0.353457510471344,0.362956777213694
Michael Hernandez  ,0.92,0.9795918367346939,0.5,0.6153846153846153,0.8053956043956043,3,3,project management     ,0.5819569826126099,0.6936762935041071
Victor Gutierrez   ,0.4,0.8775510204081632,0.71,0.2564102564102564,0.6302838827838827,2,5,project management     ,0.5077476501464844,0.5690157664651836
